{
  "calibration_points": [
    [
      961,
      541,
      -45,
      -30
    ],
    [
      961,
      541,
      -45,
      0
    ],
    [
      961,
      541,
      -45,
      30
    ],
    [
      961,
      541,
      0,
      -30
    ],
    [
      961,
      541,
      0,
      0
    ],
    [
      961,
      541,
      0,
      30
    ],
    [
      961,
      541,
      45,
      -30
    ],
    [
      961,
      541,
      45,
      0
    ],
    [
      961,
      541,
      45,
      30
    ]
  ],
  "timestamp": 1757688155.597435,
  "transformation_matrix": [
    [
      0.0007572661569377559,
      0.00038237487243076397,
      -0.9345975828022405
    ],
    [
      -0.0006706696426706608,
      0.0005339029742620694,
      0.3556720175307008
    ],
    [
      -3.983754487273886e-06,
      -1.849635141807592e-06,
      0.004829040673676964
    ]
  ]
}